,UserID,Hashtags,Post,Date,Likes
0,1696526648,[],Excited and thrilled to be speaking at the Awaken Business Summit 2019 alongside @richardbranson. March 20th - March 21st.,2019-03-05 14:01:00,59
1,6970394928,[],Summer 2021 and Summer 2022,2019-01-15 00:24:00,254898
2,1163672727,[],,2014-03-09 20:26:00,2921
3,489562384,"['kevincostner', 'moviemaking', 'film', 'filmmaking', 'filmproduction', 'steadicam', 'hollywood', 'robinhood', 'warnerbrosstudios', 'wb']","Behind the scenes - movie making.
From the archives - 1991- Robin Hood Prince of Thieves.
#kevincostner #moviemaking #film #filmmaking #filmproduction #steadicam #hollywood #robinhood #warnerbrosstudios #WB",2019-03-05 22:55:00,13553
4,3132929984,[],Episode 2 of @willsmithsbucketlist is Out Now!  I have not been this Scared in a Looooooooong Time.  13ft. 700lb. BIG ASS TIGER SHARKS! Link in bio!! ğŸ“¹: @westbrook @vannucci_fy,2019-03-06 17:24:00,469558
5,258476862,[],Keira Knightley in â€œThe Aftermathâ€,2019-02-28 21:02:00,10035
6,5683684566,"['yaleuniversity', 'yale', 'sigourneyweaver']","At Yale. -old picture... :) #yaleuniversity 
#yale 
#sigourneyweaver",2019-02-27 18:42:00,330
7,3987356991,"['sebastienizambard', 'ildivo', 'brendanieto']","Magnificent breakfast with magnificent people.
#SebastienIzambard
#IlDivo
#BrendaNieto",2019-03-02 18:10:00,59483
8,7486798414,['tbt'],#tbt Photo by @davidhitchensphotography,2019-03-06 23:05:00,71
9,7066457325,"['zhangziyi', 'ç« å­æ€¡', 'å¦»å­çš„æµªæ¼«æ—…è¡Œ']",Spotted. Ziyi and her husband Wang Feng walking their puppy outside there residency in Beijing. #zhangziyi #ç« å­æ€¡ #å¦»å­çš„æµªæ¼«æ—…è¡Œ,2019-03-04 04:03:00,463
10,254204846,[],Tickets now on sale for my UK tour dates at Cher.com. See you in 2019 ğŸ’‹,2018-12-14 13:54:00,100060
11,629394275,['brucewillis'],#BruceWillis,2019-03-01 18:32:00,5687
12,1164693034,[],,2014-03-10 04:35:00,107
13,4177759837,[],"Click on the link in bio and subscribe to that channel!
Love and Peace always,
JF, lovelies.",2019-03-07 06:42:00,621
14,1453290263,"['boybandswag', 'rockthis', 'nsync', 'hahaha']",When Mondays deliver this vibe.... ğŸ•ºğŸ¤£ #boybandswag #rockthis #nsync #hahaha @justintimberlake @nsync,2019-03-04 20:59:00,271558
15,1518284433,"['teamdowney', 'rarereality', 'shareyourrare', 'showyoucare', 'rarediseaseday', '2019', 'gomadforrohhad', 'missionfindacure', 'rohhadawareness']","Today is Rare Disease Day 2019 - Please meet some of the inspiring children and families battling the life threatening and life limiting, rare disease ROHHAD. Please watch the video... Link in my bio â¬†ï¸... The Awareness video was made with the help of  @mo_freek and @jimmy_rich from #TeamDowney ... It has been created to help raise awareness so please share this today for the children as this is their #RareReality ... Please #ShareYourRare and #ShowYouCare 
#RareDiseaseDay #2019
#GoMadForROHHAD
#MissionFindACure
#RohhadAwareness",2019-02-28 10:31:00,1281567
16,1014861024,[],Backstage of Vanity Fair's photo session ğŸ’„â˜„ï¸.,2019-03-06 19:53:00,2785
17,4843527500,"['rachelweisz', 'photography', 'emo', 'emoboy', 'emogirl', 'emoband', 'emohuman', 'emohuy', 'instaemo', 'instagirl', 'music', 'sceneboy', 'kawaii', 'kawaiigirl', 'kawaiiboy', 'blackandwhite', 'scene', 'scenegirl', '360', 'world', 'disobedience', 'selenagomez', 'taylorswift', 'wcw', 'gigihadid', 'kyliejenner', 'arianagrande', 'kimkardashian', 'kendalljenner']",WonderfulğŸŒˆ#rachelweisz #photography #emo #emoboy #emogirl #emoband #emohuman #emohuy #instaemo #instagirl #music #sceneboy #kawaii #kawaiigirl #kawaiiboy #blackandwhite #scene #scenegirl #360#world #disobedience #selenagomez #taylorswift #wcw #gigihadid #kyliejenner #arianagrande #kimkardashian #kendalljenner,2019-03-03 19:36:00,1120
18,9855196432,['grateful'],Four generations of Douglas family love! #grateful,2019-03-02 20:51:00,25270
19,8066054684,"['jacknicholson', 'easyrider', '60s', 'iconic']","Easy Rider - 1969 
#jacknicholson #easyrider #60s #Iconic",2019-03-03 12:07:00,421
20,2143114548,"['robertdeniro', 'deniro', 'greatestactor', 'film', 'movies', 'behindthescenes', 'actor', 'legend', '70s', '1970s']","To prepare for his role, Robert De Niro went to Florida to watch baseball teams in spring training, then travelled to Georgia and tape recorded conversations to study their accents. âš¾ï¸
â€¢â€¢â€¢â€¢â€¢â€¢
ğŸ“¸ Robert De Niro in Bang The Drum Slowly (1973) ğŸ‘ğŸ¼
-
For more daily De Niro posts, follow me @robertdenirodaily! ğŸ¬
â€¢â€¢â€¢â€¢â€¢â€¢
#robertdeniro #deniro #greatestactor #film #movies #behindthescenes #actor #legend #70s #1970s",2019-03-07 05:01:00,564
21,6762222913,"['stockholm', 'noomirapace']","Here's the trailer for #Stockholm, another new movie coming this spring. Based on a crazy true story and also starring #NoomiRapace, who is a total badass. In theaters April 12.",2019-02-27 19:20:00,11098
22,2103690831,[],ONE OF THOSE DAYS WHERE I MANAGED TO PUT MYSELF IN THE DOGHOUSE!,2019-03-05 21:30:00,27985
23,4840954989,"['cateblanchett', 'actress', 'film', 'movie', 'cinema', 'haydenwilliams', 'drawing', 'art', 'armani', 'giorgioarmani', 'armanibeauty', 'si', 'oscars', 'ceremony']",@hayden_williams ğŸ’™ğŸ’™ oscars 2016 in @armani dress styled by @elizabethstewart1 ğŸ’œ makeup by @marygreenwell ğŸ’„â¤ï¸ and hair ğŸ’š best crew!! #cateblanchett #actress #film #movie #cinema #haydenwilliams #drawing #art #armani #giorgioarmani #ArmaniBeauty #si #oscars #ceremony,2019-03-06 18:21:00,2497
24,29426420,"['uk', 'speechless']",#uk #speechless is coming.. Monday March 11th on E4. âœ¨â™¥ï¸âœ¨ @speechlessabc,2019-03-06 16:41:00,1758
25,310950976,"['igotthebestjobintheworld', 'strongwomenmakedopemovies']",Just another day on the @captainmarvelofficial press crush with @brielarson & @lashanalynch!#igotthebestjobintheworld#strongwomenmakedopemovies,2019-03-04 21:17:00,175118
26,430183648,[],"my Aries, Leo rising, Pisces moon self during this new moon In Pisces:",2019-03-06 22:37:00,5924
27,1708957983,"['spreadkadhal', 'godbless', 'instastyle', 'fblogger', 'lookbook', 'fashionlover', 'outfitoftheday', 'ootdshare', 'lookoftheday', 'mylook', 'fashionable', 'currentlywearing', 'fashionblog', 'fashiondaily', 'fashionstyle', 'todaysoutfit', 'fashiongram', 'whatiworetoday', 'styleblogger', 'todayimwearing', 'wiwt', 'styleoftheday', 'ig_chennai', 'streetsofindia', 'photographers_of_india', 'storiesofindia', 'canonphotos']","This is me and there is no more we ğŸ˜ğŸ˜ˆ #spreadkadhal #godbless

#instastyle #fblogger #lookbook #fashionlover #outfitoftheday #ootdshare #lookoftheday #mylook #fashionable #currentlywearing #fashionblog #fashiondaily #fashionstyle #todaysoutfit #fashiongram #whatiworetoday #styleblogger #todayimwearing #wiwt #styleofthedayÂ  #ig_chennaiÂ  #streetsofindia #photographers_of_indiaÂ  #storiesofindia #canonphotos",2019-03-02 14:20:00,297
28,488137754,[],U NEED THE  RIGHT GEAR TO TAKE A VERTICAL LEAP @adidasoriginals running your race takes family & Faith,2019-02-27 08:08:00,967
